{
    "NR-AR": {
        "RF": 0.2224044496159848,
        "XGB": 0.221884454505201,
        "CAT": 0.22209656819333348,
        "DNN": 0.2210411319522407,
        "GNN": 0.11257339573324017
    },
    "NR-AR-LBD": {
        "RF": 0.21799755092973824,
        "XGB": 0.2175206571866995,
        "CAT": 0.21759494299308169,
        "DNN": 0.21791526083131776,
        "GNN": 0.12897158805916284
    },
    "NR-AhR": {
        "RF": 0.21761446158483608,
        "XGB": 0.21592026214297885,
        "CAT": 0.21626816032477456,
        "DNN": 0.21173760740757494,
        "GNN": 0.13845950853983563
    },
    "NR-Aromatase": {
        "RF": 0.2336385784366354,
        "XGB": 0.2330177568312211,
        "CAT": 0.23313844504076053,
        "DNN": 0.23183608598142397,
        "GNN": 0.06836913370995902
    },
    "NR-ER": {
        "RF": 0.2274284424735744,
        "XGB": 0.22601635798808437,
        "CAT": 0.22614172176496541,
        "DNN": 0.21303579486904892,
        "GNN": 0.1073776829043268
    },
    "NR-ER-LBD": {
        "RF": 0.22650423865019953,
        "XGB": 0.2263292998587232,
        "CAT": 0.22642349206979784,
        "DNN": 0.22599603252099407,
        "GNN": 0.09474693690028536
    },
    "NR-PPAR-gamma": {
        "RF": 0.23442538771749827,
        "XGB": 0.2344103528342756,
        "CAT": 0.23440134840672197,
        "DNN": 0.23265605109850393,
        "GNN": 0.06410685994300032
    },
    "SR-ARE": {
        "RF": 0.22566539116907278,
        "XGB": 0.22319399731740525,
        "CAT": 0.2237107372443157,
        "DNN": 0.21612988444271347,
        "GNN": 0.11129998982649282
    },
    "SR-ATAD5": {
        "RF": 0.232473675335286,
        "XGB": 0.232428843028943,
        "CAT": 0.23241473868793144,
        "DNN": 0.2322735483587753,
        "GNN": 0.07040919458906425
    },
    "SR-HSE": {
        "RF": 0.23490004304494855,
        "XGB": 0.23408436679308267,
        "CAT": 0.23440101708553499,
        "DNN": 0.23141368278497196,
        "GNN": 0.06520089029146191
    },
    "SR-MMP": {
        "RF": 0.2133657427096807,
        "XGB": 0.21168681592701555,
        "CAT": 0.21179198054630216,
        "DNN": 0.2095460649719894,
        "GNN": 0.15360939584501215
    },
    "SR-p53": {
        "RF": 0.2319163006221363,
        "XGB": 0.23171998295149107,
        "CAT": 0.23168185753733467,
        "DNN": 0.23062839583962869,
        "GNN": 0.07405346304940941
    }
}