{
    "NR-AR": 0.9300000000000002,
    "NR-AR-LBD": 0.8600000000000002,
    "NR-AhR": 0.8700000000000002,
    "NR-Aromatase": 0.7200000000000002,
    "NR-ER": 0.6400000000000001,
    "NR-ER-LBD": 0.9100000000000003,
    "NR-PPAR-gamma": 0.7700000000000002,
    "SR-ARE": 0.7100000000000002,
    "SR-ATAD5": 0.8900000000000002,
    "SR-HSE": 0.8800000000000002,
    "SR-MMP": 0.6900000000000002,
    "SR-p53": 0.6100000000000001
}